1,The Shawshank Redemption,1994,Drama,9.3,"Two imprisoned men bond over a number of years, finding solace and eventual redemption through acts of common decency.",Frank Darabont,"Tim Robbins, Morgan Freeman, Bob Gunton, William Sadler","2,123,688",$28.34M
2,The Godfather,1972,"Crime, Drama",9.2,The aging patriarch of an organized crime dynasty transfers control of his clandestine empire to his reluctant son.,Francis Ford Coppola,"Marlon Brando, Al Pacino, James Caan, Diane Keaton","1,458,112",$134.97M
3,The Dark Knight,2008,"Action, Crime, Drama",9,"When the menace known as The Joker emerges from his mysterious past, he wreaks havoc and chaos on the people of Gotham. The Dark Knight must accept one of the greatest psychological and physical tests of his ability to fight injustice.",Christopher Nolan,"Christian Bale, Heath Ledger, Aaron Eckhart, Michael Caine","2,088,815",$534.86M
4,The Godfather: Part II,1974,"Crime, Drama",9,"The early life and career of Vito Corleone in 1920s New York City is portrayed, while his son, Michael, expands and tightens his grip on the family crime syndicate.",Francis Ford Coppola,"Al Pacino, Robert De Niro, Robert Duvall, Diane Keaton","1,014,123",$57.30M
5,Pulp Fiction,1994,"Crime, Drama",8.9,"The lives of two mob hitmen, a boxer, a gangster and his wife, and a pair of diner bandits intertwine in four tales of violence and redemption.",Quentin Tarantino,"John Travolta, Uma Thurman, Samuel L. Jackson, Bruce Willis","1,663,391",$107.93M
6,Schindler's List,1993,"Biography, Drama, History",8.9,"In German-occupied Poland during World War II, industrialist Oskar Schindler gradually becomes concerned for his Jewish workforce after witnessing their persecution by the Nazis.",Steven Spielberg,"Liam Neeson, Ralph Fiennes, Ben Kingsley, Caroline Goodall","1,101,988",$96.90M
7,The Lord of the Rings: The Return of the King,2003,"Adventure, Drama, Fantasy",8.9,Gandalf and Aragorn lead the World of Men against Sauron's army to draw his gaze from Frodo and Sam as they approach Mount Doom with the One Ring.,Peter Jackson,"Elijah Wood, Viggo Mortensen, Ian McKellen, Orlando Bloom","1,511,023",$377.85M
8,12 Angry Men,1957,Drama,8.9,A jury holdout attempts to prevent a miscarriage of justice by forcing his colleagues to reconsider the evidence.,Sidney Lumet,"Henry Fonda, Lee J. Cobb, Martin Balsam, John Fiedler","604,786",$4.36M
9,"Il buono, il brutto, il cattivo",1966,Western,8.8,A bounty hunting scam joins two men in an uneasy alliance against a third in a race to find a fortune in gold buried in a remote cemetery.,Sergio Leone,"Clint Eastwood, Eli Wallach, Lee Van Cleef, Aldo Giuffrè","630,829",$6.10M
10,Forrest Gump,1994,"Drama, Romance",8.8,"The presidencies of Kennedy and Johnson, the events of Vietnam, Watergate, and other history unfold through the perspective of an Alabama man with an IQ of 75.",Robert Zemeckis,"Tom Hanks, Robin Wright, Gary Sinise, Sally Field","1,633,078",$330.25M
11,Inception,2010,"Action, Adventure, Sci-Fi",8.8,A thief who steals corporate secrets through the use of dream-sharing technology is given the inverse task of planting an idea into the mind of a C.E.O.,Christopher Nolan,"Leonardo DiCaprio, Joseph Gordon-Levitt, Ellen Page, Ken Watanabe","1,861,964",$292.58M
12,The Lord of the Rings: The Fellowship of the Ring,2001,"Adventure, Drama, Fantasy",8.8,A meek Hobbit from the Shire and eight companions set out on a journey to destroy the powerful One Ring and save Middle-earth from the Dark Lord Sauron.,Peter Jackson,"Elijah Wood, Ian McKellen, Orlando Bloom, Sean Bean","1,526,601",$315.54M
13,Fight Club,1999,Drama,8.8,"An insomniac office worker and a devil-may-care soapmaker form an underground fight club that evolves into something much, much more.",David Fincher,"Brad Pitt, Edward Norton, Meat Loaf, Zach Grenier","1,697,494",$37.03M
14,Dangal,2016,"Action, Biography, Drama",8.4,Former wrestler Mahavir Singh Phogat and his two wrestler daughters struggle towards glory at the Commonwealth Games in the face of societal oppression.,Nitesh Tiwari,"Aamir Khan, Sakshi Tanwar, Fatima Sana Shaikh, Sanya Malhotra","126,984",$12.39M
15,Star Wars: Episode V - The Empire Strikes Back,1980,"Action, Adventure, Fantasy",8.7,"After the Rebels are brutally overpowered by the Empire on the ice planet Hoth, Luke Skywalker begins Jedi training with Yoda, while his friends are pursued by Darth Vader.",Irvin Kershner,"Mark Hamill, Harrison Ford, Carrie Fisher, Billy Dee Williams","1,063,498",$290.48M
16,Star Wars,1977,"Action, Adventure, Fantasy",8.6,"Luke Skywalker joins forces with a Jedi Knight, a cocky pilot, a Wookiee and two droids to save the galaxy from the Empire's world-destroying battle station, while also attempting to rescue Princess Leia from the mysterious Darth Vader.",George Lucas,"Mark Hamill, Harrison Ford, Carrie Fisher, Alec Guinness","1,132,526",$322.74M
17,The Matrix,1999,"Action, Sci-Fi",8.7,A computer hacker learns from mysterious rebels about the true nature of his reality and his role in the war against its controllers.,"Lana Wachowski, Lilly Wachowski","Keanu Reeves, Laurence Fishburne, Carrie-Anne Moss, Hugo Weaving","1,527,644",$171.48M
18,Goodfellas,1990,"Biography, Crime, Drama",8.7,"The story of Henry Hill and his life in the mob, covering his relationship with his wife Karen Hill and his mob partners Jimmy Conway and Tommy DeVito in the Italian-American crime syndicate.",Martin Scorsese,"Robert De Niro, Ray Liotta, Joe Pesci, Lorraine Bracco","917,353",$46.84M
19,One Flew Over the Cuckoo's Nest,1975,Drama,8.7,A criminal pleads insanity after getting into trouble again and once in the mental institution rebels against the oppressive nurse and rallies up the scared patients.,Milos Forman,"Jack Nicholson, Louise Fletcher, Will Sampson, Michael Berryman","840,620",$112.00M
20,Cidade de Deus,2002,"Crime, Drama",8.6,"In the slums of Rio, two kids' paths diverge as one struggles to become a photographer and the other a kingpin.","Fernando Meirelles, Kátia Lund","Alexandre Rodrigues, Leandro Firmino, Matheus Nachtergaele, Phellipe Haagensen","651,120",$7.56M
21,The Lord of the Rings: The Two Towers,2002,"Adventure, Drama, Fantasy",8.7,"While Frodo and Sam edge closer to Mordor with the help of the shifty Gollum, the divided fellowship makes a stand against Sauron's new ally, Saruman, and his hordes of Isengard.",Peter Jackson,"Elijah Wood, Ian McKellen, Viggo Mortensen, Orlando Bloom","1,366,515",$342.55M
22,Shichinin no samurai,1954,"Adventure, Drama",8.6,A poor village under attack by bandits recruits seven unemployed samurai to help them defend themselves.,Akira Kurosawa,"Toshirô Mifune, Takashi Shimura, Keiko Tsushima, Yukiko Shimazaki","287,786",$0.27M
23,Interstellar,2014,"Adventure, Drama, Sci-Fi",8.6,A team of explorers travel through a wormhole in space in an attempt to ensure humanity's survival.,Christopher Nolan,"Matthew McConaughey, Anne Hathaway, Jessica Chastain, Mackenzie Foy","1,319,016",$188.02M
24,Kimi no na wa.,2016,"Animation, Drama, Fantasy",8.4,"Two strangers find themselves linked in a bizarre way. When a connection forms, will distance be the only thing to keep them apart?",Makoto Shinkai,"Ryûnosuke Kamiki, Mone Kamishiraishi, Ryô Narita, Aoi Yûki","140,095",$5.02M
25,The Silence of the Lambs,1991,"Crime, Drama, Thriller",8.6,"A young F.B.I. cadet must receive the help of an incarcerated and manipulative cannibal killer to help catch another serial killer, a madman who skins his victims.",Jonathan Demme,"Jodie Foster, Anthony Hopkins, Lawrence A. Bonney, Kasi Lemmons","1,149,315",$130.74M
26,Léon,1994,"Action, Crime, Drama",8.6,"Mathilda, a 12-year-old girl, is reluctantly taken in by Léon, a professional assassin, after her family is murdered. Léon and Mathilda form an unusual relationship, as she becomes his protégée and learns the assassin's trade.",Luc Besson,"Jean Reno, Gary Oldman, Natalie Portman, Danny Aiello","938,376",$19.50M
27,Se7en,1995,"Crime, Drama, Mystery",8.6,"Two detectives, a rookie and a veteran, hunt a serial killer who uses the seven deadly sins as his motives.",David Fincher,"Morgan Freeman, Brad Pitt, Kevin Spacey, Andrew Kevin Walker","1,304,203",$100.13M
28,Saving Private Ryan,1998,"Drama, War",8.6,"Following the Normandy Landings, a group of U.S. soldiers go behind enemy lines to retrieve a paratrooper whose brothers have been killed in action.",Steven Spielberg,"Tom Hanks, Matt Damon, Tom Sizemore, Edward Burns","1,125,056",$216.54M
29,The Usual Suspects,1995,"Crime, Mystery, Thriller",8.5,"A sole survivor tells of the twisty events leading up to a horrific gun battle on a boat, which began when five criminals met at a seemingly random police lineup.",Bryan Singer,"Kevin Spacey, Gabriel Byrne, Chazz Palminteri, Stephen Baldwin","916,623",$23.34M
30,Sen to Chihiro no kamikakushi,2001,"Animation, Adventure, Family",8.6,"During her family's move to the suburbs, a sullen 10-year-old girl wanders into a world ruled by gods, witches, and spirits, and where humans are changed into beasts.","Hayao Miyazaki, Kirk Wise","Daveigh Chase, Suzanne Pleshette, Miyu Irino, Rumi Hiiragi","566,373",$10.06M
31,La vita è bella,1997,"Comedy, Drama, Romance",8.6,"When an open-minded Jewish librarian and his son become victims of the Holocaust, he uses a perfect mixture of will, humor, and imagination to protect his son from the dangers around their camp.",Roberto Benigni,"Roberto Benigni, Nicoletta Braschi, Giorgio Cantarini, Giustino Durano","560,485",$57.60M
32,The Intouchables,2011,"Biography, Comedy, Drama",8.5,"After he becomes a quadriplegic from a paragliding accident, an aristocrat hires a young man from the projects to be his caregiver.","Olivier Nakache, Éric Toledano","François Cluzet, Omar Sy, Anne Le Ny, Audrey Fleurot","685,918",$13.18M
33,Once Upon a Time in the West,1968,Western,8.5,A mysterious stranger with a harmonica joins forces with a notorious desperado to protect a beautiful widow from a ruthless assassin working for the railroad.,Sergio Leone,"Henry Fonda, Charles Bronson, Claudia Cardinale, Jason Robards","275,054",$5.32M
34,It's a Wonderful Life,1946,"Drama, Family, Fantasy",8.6,An angel is sent from Heaven to help a desperately frustrated businessman by showing him what life would have been like if he had never existed.,Frank Capra,"James Stewart, Donna Reed, Lionel Barrymore, Thomas Mitchell","361,508",
35,City Lights,1931,"Comedy, Drama, Romance",8.5,"With the aid of a wealthy erratic tippler, a dewy-eyed tramp who has fallen in love with a sightless flower girl accumulates money to be able to help her medically.",Charles Chaplin,"Charles Chaplin, Virginia Cherrill, Florence Lee, Harry Myers","149,932",$0.02M
36,Babam ve Oglum,2005,"Drama, Family",8.3,The family of a left-wing journalist is torn apart after a military coup in 1980's Turkey.,Çagan Irmak,"Çetin Tekindor, Fikret Kuskan, Hümeyra, Ege Tanman","68,986",
37,Alien,1979,"Horror, Sci-Fi",8.4,"After a space merchant vessel perceives an unknown transmission as a distress call, its landing on the source moon finds one of the crew attacked by a mysterious lifeform, and they soon realize that its life cycle has merely begun.",Ridley Scott,"Sigourney Weaver, Tom Skerritt, John Hurt, Veronica Cartwright","722,443",$78.90M
38,The Prestige,2006,"Drama, Mystery, Sci-Fi",8.5,"After a tragic accident, two stage magicians engage in a battle to create the ultimate illusion while sacrificing everything they have to outwit each other.",Christopher Nolan,"Christian Bale, Hugh Jackman, Scarlett Johansson, Michael Caine","1,078,289",$53.09M
39,Gladiator,2000,"Action, Adventure, Drama",8.5,A former Roman General sets out to exact vengeance against the corrupt emperor who murdered his family and sent him into slavery.,Ridley Scott,"Russell Crowe, Joaquin Phoenix, Connie Nielsen, Oliver Reed","1,226,086",$187.71M
40,The Dark Knight Rises,2012,"Action, Thriller",8.4,"Eight years after the Joker's reign of anarchy, Batman, with the help of the enigmatic Catwoman, is forced from his exile to save Gotham City, now on the edge of total annihilation, from the brutal guerrilla terrorist Bane.",Christopher Nolan,"Christian Bale, Tom Hardy, Anne Hathaway, Gary Oldman","1,400,536",$448.14M
41,Whiplash,2014,"Drama, Music",8.5,A promising young drummer enrolls at a cut-throat music conservatory where his dreams of greatness are mentored by an instructor who will stop at nothing to realize a student's potential.,Damien Chazelle,"Miles Teller, J.K. Simmons, Melissa Benoist, Paul Reiser","626,924",$13.09M
42,Memento,2000,"Mystery, Thriller",8.4,A man with short-term memory loss attempts to track down his wife's murderer.,Christopher Nolan,"Guy Pearce, Carrie-Anne Moss, Joe Pantoliano, Mark Boone Junior","1,040,044",$25.54M
43,The Green Mile,1999,"Crime, Drama, Fantasy",8.6,"The lives of guards on Death Row are affected by one of their charges: a black man accused of child murder and rape, yet who has a mysterious gift.",Frank Darabont,"Tom Hanks, Michael Clarke Duncan, David Morse, Bonnie Hunt","1,030,155",$136.80M
44,Apocalypse Now,1979,"Drama, War",8.4,A U.S. Army officer serving in Vietnam is tasked with assassinating a renegade Special Forces Colonel who sees himself as a god.,Francis Ford Coppola,"Martin Sheen, Marlon Brando, Robert Duvall, Frederic Forrest","555,145",$83.47M
45,Psycho,1960,"Horror, Mystery, Thriller",8.5,"A Phoenix secretary embezzles forty thousand dollars from her employer's client, goes on the run, and checks into a remote motel run by a young man under the domination of his mother.",Alfred Hitchcock,"Anthony Perkins, Janet Leigh, Vera Miles, John Gavin","545,263",$32.00M
46,Raiders of the Lost Ark,1981,"Action, Adventure",8.4,"In 1936, archaeologist and adventurer Indiana Jones is hired by the U.S. government to find the Ark of the Covenant before Adolf Hitler's Nazis can obtain its awesome powers.",Steven Spielberg,"Harrison Ford, Karen Allen, Paul Freeman, John Rhys-Davies","821,413",$248.16M
47,Terminator 2: Judgment Day,1991,"Action, Sci-Fi",8.5,"A cyborg, identical to the one who failed to kill Sarah Connor, must now protect her teenage son, John Connor, from a more advanced and powerful cyborg.",James Cameron,"Arnold Schwarzenegger, Linda Hamilton, Edward Furlong, Robert Patrick","918,227",$204.84M
48,The Pianist,2002,"Biography, Drama, Music",8.5,A Polish Jewish musician struggles to survive the destruction of the Warsaw ghetto of World War II.,Roman Polanski,"Adrien Brody, Thomas Kretschmann, Frank Finlay, Emilia Fox","652,503",$32.57M
49,The Lives of Others,2006,"Drama, Thriller",8.4,"In 1984 East Berlin, an agent of the secret police, conducting surveillance on a writer and his lover, finds himself becoming increasingly absorbed by their lives.",Florian Henckel von Donnersmarck,"Ulrich Mühe, Martina Gedeck, Sebastian Koch, Ulrich Tukur","326,787",$11.29M
50,Dr. Strangelove or: How I Learned to Stop Worrying and Love the Bomb,1964,Comedy,8.4,An insane general triggers a path to nuclear holocaust that a War Room full of politicians and generals frantically tries to stop.,Stanley Kubrick,"Peter Sellers, George C. Scott, Sterling Hayden, Keenan Wynn","418,899",$0.28M
51,American History X,1998,Drama,8.5,A former neo-nazi skinhead tries to prevent his younger brother from going down the same wrong path that he did.,Tony Kaye,"Edward Norton, Edward Furlong, Beverly D'Angelo, Jennifer Lien","960,385",$6.72M
52,Back to the Future,1985,"Adventure, Comedy, Sci-Fi",8.5,"Marty McFly, a 17-year-old high school student, is accidentally sent thirty years into the past in a time-traveling DeLorean invented by his close friend, the maverick scientist Doc Brown.",Robert Zemeckis,"Michael J. Fox, Christopher Lloyd, Lea Thompson, Crispin Glover","949,066",$210.61M
53,Casino,1995,"Crime, Drama",8.2,"A tale of greed, deception, money, power, and murder occur between two best friends: a mafia enforcer and a casino executive, compete against each other over a gambling empire, and over a fast living and fast loving socialite.",Martin Scorsese,"Robert De Niro, Sharon Stone, Joe Pesci, James Woods","418,465",$42.44M
54,Die Hard,1988,"Action, Thriller",8.2,An NYPD officer tries to save his wife and several others taken hostage by German terrorists during a Christmas party at the Nakatomi Plaza in Los Angeles.,John McTiernan,"Bruce Willis, Alan Rickman, Bonnie Bedelia, Reginald VelJohnson","726,829",$83.01M
55,The Elephant Man,1980,"Biography, Drama",8.1,"A Victorian surgeon rescues a heavily disfigured man who is mistreated while scraping a living as a side-show freak. Behind his monstrous façade, there is revealed a person of kindness, intelligence and sophistication.",David Lynch,"Anthony Hopkins, John Hurt, Anne Bancroft, John Gielgud","202,206",
56,Finding Nemo,2003,"Animation, Adventure, Comedy",8.1,"After his son is captured in the Great Barrier Reef and taken to Sydney, a timid clownfish sets out on a journey to bring him home.","Andrew Stanton, Lee Unkrich","Albert Brooks, Ellen DeGeneres, Alexander Gould, Willem Dafoe","877,367",$380.84M
57,Gran Torino,2008,Drama,8.1,"Disgruntled Korean War veteran Walt Kowalski sets out to reform his neighbor, a Hmong teenager who tried to steal Kowalski's prized possession: a 1972 Gran Torino.",Clint Eastwood,"Clint Eastwood, Bee Vang, Christopher Carley, Ahney Her","675,073",$148.10M
58,Harry Potter and the Sorcerer's Stone,2001,"Adventure, Family, Fantasy",7.6,"An orphaned boy enrolls in a school of wizardry, where he learns the truth about himself, his family and the terrible evil that haunts the magical world.",Chris Columbus,"Daniel Radcliffe, Rupert Grint, Richard Harris, Maggie Smith","576,565",$317.58M
59,Indiana Jones and the Temple of Doom,1984,"Action, Adventure",7.6,"In 1935, Indiana Jones arrives in India, still part of the British Empire, and is asked to find a mystical stone. He then stumbles upon a secret cult committing enslavement and human sacrifices in the catacombs of an ancient palace.",Steven Spielberg,"Harrison Ford, Kate Capshaw, Jonathan Ke Quan, Amrish Puri","410,440",$179.87M
60,Jurassic Park,1993,"Action, Adventure, Sci-Fi",8.1,"During a preview tour, a theme park suffers a major power breakdown that allows its cloned dinosaur exhibits to run amok.",Steven Spielberg,"Sam Neill, Laura Dern, Jeff Goldblum, Richard Attenborough","791,585",$402.45M
61,Kill Bill: Vol. 1,2003,"Action, Crime, Thriller",8.1,"After awakening from a four-year coma, a former assassin wreaks vengeance on the team of assassins who betrayed her.",Quentin Tarantino,"Uma Thurman, David Carradine, Daryl Hannah, Michael Madsen","916,657",$70.10M
62,Logan,2017,"Action, Drama, Sci-Fi",8.1,"In a future where mutants are nearly extinct, an elderly and weary Logan leads a quiet life. But when Laura, a mutant child pursued by scientists, comes to him for help, he must get her to safety.",James Mangold,"Hugh Jackman, Patrick Stewart, Dafne Keen, Boyd Holbrook","571,804",$226.28M
63,"Monsters, Inc.",2001,"Animation, Adventure, Comedy",8,"In order to power the city, monsters have to scare children so that they scream. However, the children are toxic to the monsters, and after a child gets through, 2 monsters realize things may not be what they think.","Pete Docter, David Silverman, Lee Unkrich","Billy Crystal, John Goodman, Mary Gibbs, Steve Buscemi","748,846",$289.92M
64,Night of the Living Dead,1968,Horror,7.9,"A ragtag group of Pennsylvanians barricade themselves in an old farmhouse to remain safe from a bloodthirsty, flesh-eating breed of monsters who are ravaging the East Coast of the United States.",George A. Romero,"Duane Jones, Judith O'Dea, Karl Hardman, Marilyn Eastman","106,094",$0.09M
65,Ocean's Eleven,2001,"Crime, Thriller",7.8,Danny Ocean and his eleven accomplices plan to rob three Las Vegas casinos simultaneously.,Steven Soderbergh,"George Clooney, Brad Pitt, Julia Roberts, Matt Damon","477,900",$183.42M
66,Pirates of the Caribbean: The Curse of the Black Pearl,2003,"Action, Adventure, Fantasy",8,"Blacksmith Will Turner teams up with eccentric pirate ""Captain"" Jack Sparrow to save his love, the governor's daughter, from Jack's former pirate allies, who are now undead.",Gore Verbinski,"Johnny Depp, Geoffrey Rush, Orlando Bloom, Keira Knightley","971,020",$305.41M
67,Quantum of Solace,2008,"Action, Adventure, Thriller",6.6,James Bond descends into mystery as he tries to stop a mysterious organization from eliminating a country's most valuable resource.,Marc Forster,"Daniel Craig, Olga Kurylenko, Mathieu Amalric, Judi Dench","379,933",$168.37M
68,Rocky,1976,"Drama, Sport",8.1,A small-time boxer gets a supremely rare chance to fight a heavy-weight champion in a bout in which he strives to go the distance for his self-respect.,John G. Avildsen,"Sylvester Stallone, Talia Shire, Burt Young, Carl Weathers","477,596",$117.24M
69,Shrek,2001,"Animation, Adventure, Comedy",7.8,"A mean lord exiles fairytale creatures to the swamp of a grumpy ogre, who must go on a quest and rescue a princess for the lord in order to get his land back.","Andrew Adamson, Vicky Jenson","Mike Myers, Eddie Murphy, Cameron Diaz, John Lithgow","568,497",$267.67M
70,Taken,I 2008,"Action, Thriller",7.8,"A retired CIA agent travels across Europe and relies on his old skills to save his estranged daughter, who has been kidnapped while on a trip to Paris.",Pierre Morel,"Liam Neeson, Maggie Grace, Famke Janssen, Leland Orser","541,215",$145.00M
71,Up,2009,"Animation, Adventure, Comedy",8.2,"Seventy-eight year old Carl Fredricksen travels to Paradise Falls in his home equipped with balloons, inadvertently taking a young stowaway.","Pete Docter, Bob Peterson","Edward Asner, Jordan Nagai, John Ratzenberger, Christopher Plummer","856,599",$293.00M
72,V for Vendetta,2005,"Action, Drama, Sci-Fi",8.2,"In a future British tyranny, a shadowy freedom fighter, known only by the alias of ""V"", plots to overthrow it with the help of a young woman.",James McTeigue,"Hugo Weaving, Natalie Portman, Rupert Graves, Stephen Rea","959,970",$70.51M
73,WALL·E,2008,"Animation, Adventure, Family",8.4,"In the distant future, a small waste-collecting robot inadvertently embarks on a space journey that will ultimately decide the fate of mankind.",Andrew Stanton,"Ben Burtt, Elissa Knight, Jeff Garlin, Fred Willard","917,490",$223.81M
74,X-Men,2000,"Action, Adventure, Sci-Fi",7.4,"In a world where mutants (evolved super-powered humans) exist and are discriminated against, two groups form for an inevitable clash: the supremacist Brotherhood, and the pacifist X-Men.",Bryan Singer,"Patrick Stewart, Hugh Jackman, Ian McKellen, Famke Janssen","541,128",$157.30M
75,Young Frankenstein,1974,Comedy,8,"An American grandson of the infamous scientist, struggling to prove that his grandfather was not as insane as people believe, is invited to Transylvania, where he discovers the process that reanimates a dead body.",Mel Brooks,"Gene Wilder, Madeline Kahn, Marty Feldman, Peter Boyle","134,189",$86.30M
76,Zulu,1964,"Drama, History, War",7.7,Outnumbered British soldiers do battle with Zulu warriors at Rorke's Drift.,Cy Endfield,"Stanley Baker, Jack Hawkins, Ulla Jacobsson, James Booth","33,515",
77,Casablanca,1942,"Drama, Romance, War",8.5,A cynical American expatriate struggles to decide whether or not he should help his former lover and her fugitive husband escape French Morocco.,Michael Curtiz,"Humphrey Bogart, Ingrid Bergman, Paul Henreid, Claude Rains","481,682",$1.02M
78,Rear Window,1954,"Mystery, Thriller",8.5,A wheelchair-bound photographer spies on his neighbors from his apartment window and becomes convinced one of them has committed murder.,Alfred Hitchcock,"James Stewart, Grace Kelly, Wendell Corey, Thelma Ritter","404,200",$36.76M
79,Sunset Blvd.,1950,"Drama, Film-Noir",8.4,A screenwriter develops a dangerous relationship with a faded film star determined to make a triumphant return.,Billy Wilder,"William Holden, Gloria Swanson, Erich von Stroheim, Nancy Olson","181,921",
80,Hotaru no haka,1988,"Animation, Drama, War",8.5,A young boy and his little sister struggle to survive in Japan during World War II.,Isao Takahata,"Tsutomu Tatsumi, Ayano Shiraishi, Akemi Yamaguchi, Yoshiko Shinohara","200,697",
81,Nuovo Cinema Paradiso,1988,Drama,8.5,A filmmaker recalls his childhood when falling in love with the pictures at the cinema of his home village and forms a deep friendship with the cinema's projectionist.,Giuseppe Tornatore,"Philippe Noiret, Enzo Cannavale, Antonella Attili, Isa Danieli","204,716",$11.99M
82,The Great Dictator,1940,"Comedy, Drama, War",8.5,Dictator Adenoid Hynkel tries to expand his empire while a poor Jewish barber tries to avoid persecution from Hynkel's regime.,Charles Chaplin,"Charles Chaplin, Paulette Goddard, Jack Oakie, Reginald Gardiner","183,510",
83,Modern Times,1936,"Comedy, Drama, Family",8.5,The Tramp struggles to live in modern industrial society with the help of a young homeless woman.,Charles Chaplin,"Charles Chaplin, Paulette Goddard, Henry Bergman, Tiny Sandford","193,864",$0.16M
84,Paths of Glory,1957,"Drama, War",8.4,"After refusing to attack an enemy position, a general accuses the soldiers of cowardice and their commanding officer must defend them.",Stanley Kubrick,"Kirk Douglas, Ralph Meeker, Adolphe Menjou, George Macready","159,239",
85,Taare Zameen Par,2007,"Drama, Family",8.4,"An eight-year-old boy is thought to be a lazy trouble-maker, until the new art teacher has the patience and compassion to discover the real problem behind his struggles in school.","Aamir Khan, Amole Gupte","Darsheel Safary, Aamir Khan, Tisca Chopra, Vipin Sharma","145,166",$1.22M
86,Aliens,1986,"Action, Adventure, Sci-Fi",8.4,"Ellen Ripley is rescued by a deep salvage team after being in hypersleep for 57 years. The moon that the Nostromo visited has been colonized, but contact is lost. This time, colonial marines have impressive firepower, but will that be enough?",James Cameron,"Sigourney Weaver, Michael Biehn, Carrie Henn, Paul Reiser","606,697",$85.16M
87,Django Unchained,2012,"Drama, Western",8.4,"With the help of a German bounty hunter, a freed slave sets out to rescue his wife from a brutal Mississippi plantation owner.",Quentin Tarantino,"Jamie Foxx, Christoph Waltz, Leonardo DiCaprio, Kerry Washington","1,226,595",$162.81M
88,American Beauty,1999,Drama,8.3,A sexually frustrated suburban father has a mid-life crisis after becoming infatuated with his daughter's best friend.,Sam Mendes,"Kevin Spacey, Annette Bening, Thora Birch, Wes Bentley","998,246",$130.10M
89,The Shining,1980,"Drama, Horror",8.4,"A family heads to an isolated hotel for the winter where a sinister presence influences the father into violence, while his psychic son sees horrific forebodings from both past and future.",Stanley Kubrick,"Jack Nicholson, Shelley Duvall, Danny Lloyd, Scatman Crothers","792,685",$44.02M
90,Requiem for a Dream,2000,Drama,8.3,The drug-induced utopias of four Coney Island people are shattered when their addictions run deep.,Darren Aronofsky,"Ellen Burstyn, Jared Leto, Jennifer Connelly, Marlon Wayans","707,107",$3.64M
91,Braveheart,1995,"Biography, Drama, History",8.3,"When his secret bride is executed for assaulting an English soldier who tried to rape her, William Wallace begins a revolt against King Edward I of England.",Mel Gibson,"Mel Gibson, Sophie Marceau, Patrick McGoohan, Angus Macfadyen","898,786",$75.60M
92,Oldeuboi,2003,"Action, Drama, Mystery",8.4,"After being kidnapped and imprisoned for fifteen years, Oh Dae-Su is released, only to find that he must find his captor in five days.",Chan-wook Park,"Min-sik Choi, Ji-tae Yu, Hye-jeong Kang, Dae-han Ji","464,493",$0.71M
93,Star Wars: Episode VI - Return of the Jedi,1983,"Action, Adventure, Fantasy",8.3,"After a daring mission to rescue Han Solo from Jabba the Hutt, the Rebels dispatch to Endor to destroy the second Death Star. Meanwhile, Luke struggles to help Darth Vader back from the dark side without falling into the Emperor's trap.",Richard Marquand,"Mark Hamill, Harrison Ford, Carrie Fisher, Billy Dee Williams","870,710",$309.13M
94,North by Northwest,1959,"Adventure, Mystery, Thriller",8.3,A New York City advertising executive goes on the run after being mistaken for a government agent by a group of foreign spies.,Alfred Hitchcock,"Cary Grant, Eva Marie Saint, James Mason, Jessie Royce Landis","275,155",$13.28M
95,Amélie,2001,"Comedy, Romance",8.3,"Amélie is an innocent and naive girl in Paris with her own sense of justice. She decides to help those around her and, along the way, discovers love.",Jean-Pierre Jeunet,"Audrey Tautou, Mathieu Kassovitz, Rufus, Lorella Cravotta","657,827",$33.23M
96,Once Upon a Time in America,1984,"Crime, Drama",8.4,"A former Prohibition-era Jewish gangster returns to the Lower East Side of Manhattan over thirty years later, where he once again must confront the ghosts and regrets of his old life.",Sergio Leone,"Robert De Niro, James Woods, Elizabeth McGovern, Treat Williams","281,272",$5.32M
97,3 Idiots,2009,"Comedy, Drama",8.4,"Two friends are searching for their long lost companion. They revisit their college days and recall the memories of their friend who inspired them to think differently, even as the rest of the world called them ""idiots"".",Rajkumar Hirani,"Aamir Khan, Madhavan, Mona Singh, Sharman Joshi","304,788",$6.53M
98,Mononoke-hime,1997,"Animation, Adventure, Fantasy",8.4,"On a journey to find the cure for a Tatarigami's curse, Ashitaka finds himself in the middle of a war between the forest gods and Tatara, a mining colony. In this quest he also meets San, the Mononoke Hime.",Hayao Miyazaki,"Yôji Matsuda, Yuriko Ishida, Yûko Tanaka, Billy Crudup","298,854",$2.38M
99,Vertigo,1958,"Mystery, Romance, Thriller",8.3,A former police detective juggles wrestling with his personal demons and becoming obsessed with a hauntingly beautiful woman.,Alfred Hitchcock,"James Stewart, Kim Novak, Barbara Bel Geddes, Tom Helmore","324,778",$3.20M
100,Citizen Kane,1941,"Drama, Mystery",8.3,"Following the death of publishing tycoon, Charles Foster Kane, reporters scramble to uncover the meaning of his final utterance; 'Rosebud'.",Orson Welles,"Orson Welles, Joseph Cotten, Dorothy Comingore, Agnes Moorehead","367,295",$1.59M
101,Das Boot,1981,"Adventure, Drama, Thriller",8.3,"
Movies,            TV            & Showtimes",Wolfgang Petersen,"Jürgen Prochnow, Herbert Grönemeyer, Klaus Wennemann, Hubertus Bengsch","Celebs,                Events                & Photos",
102,M - Eine Stadt sucht einen Mörder,1931,"Crime, Mystery, Thriller",8.3,"
News &
Community
",Fritz Lang,"Peter Lorre, Ellen Widmann, Inge Landgut, Otto Wernicke",  ,
103,Jodaeiye Nader az Simin,2011,"Drama, Thriller",8.3,Access in-development titles not available on IMDb,Asghar Farhadi,"Payman Maadi, Leila Hatami, Sareh Bayat, Shahab Hosseini",Claim your page and control your brand across IMDb & Amazon,
104,Bacheha-Ye aseman,1997,"Drama, Family",8.3,Top 250 Movies as voted for by IMDb users,Majid Majidi,"Mohammad Amir Naji, Amir Farrokh Hashemian, Bahare Seddiqi, Nafise Jafar-Mohammadi","    The claustrophobic world of a WWII German U-boat; boredom, filth and sheer terror.",
105,Witness for the Prosecution,1957,"Crime, Drama, Mystery",8.4,"
Votes:
212,795
| Gross:
$11.49M
",Billy Wilder,"Tyrone Power, Marlene Dietrich, Charles Laughton, Elsa Lanchester","    When the police in a German city are unable to catch a child-murderer, other criminals join in the manhunt.",
106,Drishyam,2015,"Crime, Drama, Mystery",8.3,"
Votes:
129,954
| Gross:
$0.03M
",Nishikant Kamat,"Ajay Devgn, Shriya Saran, Tabu, Rajat Kapoor",    A married couple are faced with a difficult decision - to improve the life of their child by moving to another country or to stay in Iran and look after a deteriorating parent who has Alzheimer's disease.,
107,Eskiya,1996,"Crime, Drama, Thriller",8.3,"
Votes:
199,925
| Gross:
$7.10M
",Yavuz Turgul,"Sener Sen, Ugur Yücel, Sermin Hürmeriç, Yesim Salkim","    After a boy loses his sister's pair of shoes, he goes on a series of adventures in order to find them. When he can't, he tries a new way to ""win"" a new pair.",
108,La La Land,I 2016,"Comedy, Drama, Music",8,"
Votes:
54,780
| Gross:
$0.93M
",Damien Chazelle,"Ryan Gosling, Emma Stone, Rosemarie DeWitt, J.K. Simmons",    A veteran British barrister must defend his client in a murder trial that has surprise after surprise.,
109,Inglourious Basterds,2009,"Adventure, Drama, War",8.3,"
Votes:
94,337
| Gross:
$8.18M
",Quentin Tarantino,"Brad Pitt, Diane Kruger, Eli Roth, Mélanie Laurent","    Desperate measures are taken by a man who tries to save his family from the dark side of the law, after they commit an unexpected crime.",
110,Good Will Hunting,1997,"Drama, Romance",8.3,"
Votes:
56,289
| Gross:
$0.74M
",Gus Van Sant,"Robin Williams, Matt Damon, Ben Affleck, Stellan Skarsgård","    Baran the Bandit, released from prison after 35 years searches for vengeance and his lover.",
111,Snatch,2000,"Comedy, Crime",8.3,"
Votes:
56,207
",Guy Ritchie,"Jason Statham, Brad Pitt, Benicio Del Toro, Dennis Farina","    While navigating their careers in Los Angeles, a pianist and an actress fall in love while attempting to reconcile their aspirations for the future.",
112,Batman Begins,2005,"Action, Adventure",8.2,"
Votes:
442,610
| Gross:
$151.10M
",Christopher Nolan,"Christian Bale, Michael Caine, Ken Watanabe, Liam Neeson","    In Nazi-occupied France during World War II, a plan to assassinate Nazi leaders by a group of Jewish U.S. soldiers coincides with a theatre owner's vengeful plans for the same.",
113,Taxi Driver,1976,"Crime, Drama",8.3,"
Votes:
1,136,606
| Gross:
$120.54M
",Martin Scorsese,"Robert De Niro, Jodie Foster, Cybill Shepherd, Albert Brooks","    Will Hunting, a janitor at M.I.T., has a gift for mathematics, but needs help from a psychologist to find direction in his life.",
114,Eternal Sunshine of the Spotless Mind,2004,"Drama, Romance, Sci-Fi",8.3,"
Votes:
776,892
| Gross:
$138.43M
",Michel Gondry,"Jim Carrey, Kate Winslet, Tom Wilkinson, Gerry Robert Byrne","    Unscrupulous boxing promoters, violent bookmakers, a Russian gangster, incompetent amateur robbers and supposedly Jewish jewelers fight to track down a priceless stolen diamond.",
115,A Clockwork Orange,1971,"Crime, Drama, Sci-Fi",8.3,"
Votes:
725,453
| Gross:
$30.33M
",Stanley Kubrick,"Malcolm McDowell, Patrick Magee, Michael Bates, Warren Clarke","    After training with his mentor, Batman begins his fight to free crime-ridden Gotham City from corruption.",
116,Reservoir Dogs,1992,"Crime, Drama, Thriller",8.3,"
Votes:
1,206,115
| Gross:
$206.85M
",Quentin Tarantino,"Harvey Keitel, Tim Roth, Michael Madsen, Chris Penn","    A mentally unstable veteran works as a nighttime taxi driver in New York City, where the perceived decadence and sleaze fuels his urge for violent action by attempting to liberate a presidential campaign worker and an underage prostitute.",
117,Full Metal Jacket,1987,"Drama, War",8.3,"
Votes:
645,106
| Gross:
$28.26M
",Stanley Kubrick,"Matthew Modine, R. Lee Ermey, Vincent D'Onofrio, Adam Baldwin","    When their relationship turns sour, a couple undergoes a medical procedure to have each other erased from their memories.",
118,2001: A Space Odyssey,1968,"Adventure, Sci-Fi",8.3,"
Votes:
833,503
| Gross:
$34.40M
",Stanley Kubrick,"Keir Dullea, Gary Lockwood, William Sylvester, Daniel Richter","    In the future, a sadistic gang leader is imprisoned and volunteers for a conduct-aversion experiment, but it doesn't go as planned.",
119,Der Untergang,2004,"Biography, Drama, History",8.2,"
Votes:
697,128
",Oliver Hirschbiegel,"Bruno Ganz, Alexandra Maria Lara, Ulrich Matthes, Juliane Köhler","    When a simple jewelry heist goes horribly wrong, the surviving criminals begin to suspect that one of them is a police informant.",
120,Jagten,2012,Drama,8.3,"
Votes:
836,447
| Gross:
$2.83M
",Thomas Vinterberg,"Mads Mikkelsen, Thomas Bo Larsen, Annika Wedderkopp, Lasse Fogelstrøm",    A pragmatic U.S. Marine observes the dehumanizing effects the Vietnam War has on his fellow recruits from their brutal boot camp training to the bloody street fighting in Hue.,
121,L.A. Confidential,1997,"Crime, Drama, Mystery",8.2,"
Votes:
616,895
| Gross:
$46.36M
",Curtis Hanson,"Kevin Spacey, Russell Crowe, Guy Pearce, Kim Basinger","    After discovering a mysterious artifact buried beneath the Lunar surface, mankind sets off on a quest to find its origins with help from intelligent supercomputer H.A.L. 9000.",
122,American Psycho,2000,"Crime, Drama",7.6,"
Votes:
549,188
| Gross:
$56.95M
",Mary Harron,"Christian Bale, Justin Theroux, Josh Lucas, Bill Sage","    Traudl Junge, the final secretary for Adolf Hitler, tells of the Nazi dictator's final days in his Berlin bunker at the end of WWII.",
123,Beauty and the Beast,1991,"Animation, Family, Fantasy",8,"
Votes:
308,622
| Gross:
$5.51M
","Gary Trousdale, Kirk Wise","Paige O'Hara, Robby Benson, Jesse Corti, Rex Everhart","    A teacher lives a lonely life, all the while struggling over his son's custody. His life slowly gets better as he finds love and receives good news from his son, but his new luck is about to be brutally shattered by an innocent little lie.",
124,The Departed,2006,"Crime, Drama, Thriller",8.5,"
Votes:
245,830
| Gross:
$0.69M
",Martin Scorsese,"Leonardo DiCaprio, Matt Damon, Jack Nicholson, Mark Wahlberg","    As corruption grows in 1950s Los Angeles, three policemen -- one strait-laced, one brutal, and one sleazy -- investigate a series of murders with their own brand of justice.",
125,Fargo,1996,"Crime, Drama, Thriller",8.1,"
Votes:
497,955
| Gross:
$64.62M
","Joel Coen, Ethan Coen","William H. Macy, Frances McDormand, Steve Buscemi, Peter Stormare","    A wealthy New York City investment banking executive, Patrick Bateman, hides his alternate psychopathic ego from his co-workers and friends as he delves deeper into his violent, hedonistic fantasies.",
126,The Jungle Book,2016,"Adventure, Drama, Family",7.4,"
Votes:
436,264
| Gross:
$15.07M
",Jon Favreau,"Neel Sethi, Bill Murray, Ben Kingsley, Idris Elba",    A prince cursed to spend his days as a hideous monster sets out to regain his humanity by earning a young woman's love.,
127,The Lion King,1994,"Animation, Adventure, Drama",8.5,"
Votes:
394,285
| Gross:
$218.97M
","Roger Allers, Rob Minkoff","Matthew Broderick, Jeremy Irons, James Earl Jones, Whoopi Goldberg",    An undercover cop and a mole in the police attempt to identify each other while infiltrating an Irish gang in South Boston.,
128,Mary Poppins,1964,"Comedy, Family, Fantasy",7.8,"
Votes:
1,087,640
| Gross:
$132.38M
",Robert Stevenson,"Julie Andrews, Dick Van Dyke, David Tomlinson, Glynis Johns",    Jerry Lundegaard's inept crime falls apart due to his and his henchmen's bungling and the persistent police work of the quite pregnant Marge Gunderson.,
129,Planet of the Apes,1968,"Adventure, Sci-Fi",8,"
Votes:
567,003
| Gross:
$24.61M
",Franklin J. Schaffner,"Charlton Heston, Roddy McDowall, Kim Hunter, Maurice Evans","    After a threat from the tiger Shere Khan forces him to flee the jungle, a man-cub named Mowgli embarks on a journey of self discovery with the help of panther Bagheera and free-spirited bear Baloo.",
130,Scarface,1983,"Crime, Drama",8.3,"
Votes:
243,617
| Gross:
$364.00M
",Brian De Palma,"Al Pacino, Michelle Pfeiffer, Steven Bauer, Mary Elizabeth Mastrantonio","    A Lion cub crown prince is tricked by a treacherous uncle into thinking he caused his father's death and flees into exile in despair, only to learn in adulthood his identity and his responsibilities.",
131,The Wolf of Wall Street,2013,"Biography, Crime, Drama",8.2,"
Votes:
854,853
| Gross:
$422.78M
",Martin Scorsese,"Leonardo DiCaprio, Jonah Hill, Margot Robbie, Matthew McConaughey","    In turn of the century London, a magical nanny employs music and adventure to help two neglected children become closer to their father.",
132,Toy Story,1995,"Animation, Adventure, Comedy",8.3,"
Votes:
144,828
| Gross:
$102.27M
",John Lasseter,"Tom Hanks, Tim Allen, Don Rickles, Jim Varney","    An astronaut crew crash-lands on a planet in the distant future where intelligent talking apes are the dominant species, and humans are the oppressed and enslaved.",
133,Amadeus,1984,"Biography, Drama, History",8.3,"
Votes:
156,880
| Gross:
$33.40M
",Milos Forman,"F. Murray Abraham, Tom Hulce, Elizabeth Berridge, Roy Dotrice","    In Miami in 1980, a determined Cuban immigrant takes over a drug cartel and succumbs to greed.",
134,To Kill a Mockingbird,1962,"Crime, Drama",8.3,"
Votes:
672,308
| Gross:
$45.60M
",Robert Mulligan,"Gregory Peck, John Megna, Frank Overton, Rosemary Murphy","    Based on the true story of Jordan Belfort, from his rise to a wealthy stock-broker living the high life to his fall involving crime, corruption and the federal government.",
135,Monty Python and the Holy Grail,1975,"Adventure, Comedy, Fantasy",8.2,"
Votes:
1,049,370
| Gross:
$116.90M
","Terry Gilliam, Terry Jones","Graham Chapman, John Cleese, Eric Idle, Terry Gilliam",    A cowboy doll is profoundly threatened and jealous when a new spaceman figure supplants him as top toy in a boy's room.,
136,Lawrence of Arabia,1962,"Adventure, Biography, Drama",8.3,"
Votes:
808,719
| Gross:
$191.80M
",David Lean,"Peter O'Toole, Alec Guinness, Anthony Quinn, Jack Hawkins","    The life, success and troubles of Wolfgang Amadeus Mozart, as told by Antonio Salieri, the contemporaneous composer who was insanely jealous of Mozart's talent and claimed to have murdered him.",
137,Toy Story 3,2010,"Animation, Adventure, Comedy",8.3,"
Votes:
340,700
| Gross:
$51.97M
",Lee Unkrich,"Tom Hanks, Tim Allen, Joan Cusack, Ned Beatty","    Atticus Finch, a lawyer in the Depression-era South, defends a black man against an undeserved rape charge, and his children against prejudice.",
138,Some Like It Hot,1959,"Comedy, Music, Romance",8.2,"
Votes:
275,169
",Billy Wilder,"Marilyn Monroe, Tony Curtis, Jack Lemmon, George Raft","    King Arthur and his Knights of the Round Table embark on a surreal, low-budget search for the Holy Grail, encountering many, very silly obstacles.",
139,Singin' in the Rain,1952,"Comedy, Musical, Romance",8.3,"
Votes:
466,420
| Gross:
$1.23M
","Stanley Donen, Gene Kelly","Gene Kelly, Donald O'Connor, Debbie Reynolds, Jean Hagen","    The story of T.E. Lawrence, the English officer who successfully united and led the diverse, often warring, Arab tribes during World War I in order to fight the Turks.",
140,Idi i smotri,1985,"Drama, War",8.3,"
Votes:
245,542
| Gross:
$44.82M
",Elem Klimov,"Aleksey Kravchenko, Olga Mironova, Liubomiras Laucevicius, Vladas Bagdonas","    The toys are mistakenly delivered to a day-care center instead of the attic right before Andy leaves for college, and it's up to Woody to convince the other toys that they weren't abandoned and to return home.",
141,Metropolis,1927,"Drama, Sci-Fi",8.3,"
Votes:
695,609
| Gross:
$415.00M
",Fritz Lang,"Brigitte Helm, Alfred Abel, Gustav Fröhlich, Rudolf Klein-Rogge","    When two male musicians witness a mob hit, they flee the state in an all-female band disguised as women, but further complications set in.",
142,The Sting,1973,"Comedy, Crime, Drama",8.3,"
Votes:
223,386
| Gross:
$25.00M
",George Roy Hill,"Paul Newman, Robert Redford, Robert Shaw, Charles Durning",    A silent film production company and cast make a difficult transition to sound.,
143,The Third Man,1949,"Film-Noir, Mystery, Thriller",8.2,"
Votes:
199,699
| Gross:
$8.82M
",Carol Reed,"Orson Welles, Joseph Cotten, Alida Valli, Trevor Howard","    After finding an old rifle, a young boy joins the Soviet resistance movement against ruthless German forces and experiences the horrors of World War II.",
144,Per qualche dollaro in più,1965,Western,8.3,"
Votes:
44,421
",Sergio Leone,"Clint Eastwood, Lee Van Cleef, Gian Maria Volontè, Mario Brega","    In a futuristic city sharply divided between the working class and the city planners, the son of the city's mastermind falls in love with a working class prophet who predicts the coming of a savior to mediate their differences.",
145,The Apartment,1960,"Comedy, Drama, Romance",8.3,"
Votes:
146,133
| Gross:
$1.24M
",Billy Wilder,"Jack Lemmon, Shirley MacLaine, Fred MacMurray, Ray Walston",    Two grifters team up to pull off the ultimate con.,
146,Judgment at Nuremberg,1961,"Drama, War",8.2,"
Votes:
222,752
| Gross:
$159.60M
",Stanley Kramer,"Spencer Tracy, Burt Lancaster, Richard Widmark, Marlene Dietrich","    Pulp novelist Holly Martins travels to shadowy, postwar Vienna, only to find himself investigating the mysterious death of an old friend, Harry Lime.",
147,All About Eve,1950,Drama,8.2,"
Votes:
146,601
| Gross:
$0.45M
",Joseph L. Mankiewicz,"Bette Davis, Anne Baxter, George Sanders, Celeste Holm",    Two bounty hunters with the same intentions team up to track down a Western outlaw.,
148,Rang De Basanti,2006,"Comedy, Drama",8.2,"
Votes:
209,380
| Gross:
$15.00M
",Rakeysh Omprakash Mehra,"Aamir Khan, Soha Ali Khan, Siddharth, Sharman Joshi","    A man tries to rise in his company by letting its executives use his apartment for trysts, but complications and a romance of his own ensue.",
149,Double Indemnity,1944,"Crime, Drama, Film-Noir",8.3,"
Votes:
146,368
| Gross:
$18.60M
",Billy Wilder,"Fred MacMurray, Barbara Stanwyck, Edward G. Robinson, Byron Barr","    In 1948, an American court in occupied Germany tries four Nazis judged for war crimes.",
150,Rashômon,1950,"Crime, Drama, Mystery",8.2,"
Votes:
62,533
",Akira Kurosawa,"Toshirô Mifune, Machiko Kyô, Masayuki Mori, Takashi Shimura",    An ingénue insinuates herself into the lives of an established but aging stage actress and her circle of theater friends.,
151,Ladri di biciclette,1948,Drama,8.3,"
Votes:
110,625
| Gross:
$0.01M
",Vittorio De Sica,"Lamberto Maggiorani, Enzo Staiola, Lianella Carell, Elena Altieri","    The story of six young Indians who assist an English woman to film a documentary on the freedom fighters from their past, and the events that lead them to relive the long-forgotten saga of freedom.",
152,Andrei Rublev,1966,"Biography, Drama, History",8.2,"
Votes:
101,670
| Gross:
$2.20M
",Andrei Tarkovsky,"Anatoliy Solonitsyn, Ivan Lapikov, Nikolay Grinko, Nikolay Sergeev",    An insurance representative lets himself be talked into a murder/insurance fraud scheme that arouses the suspicion of an insurance investigator.,
153,Yôjinbô,1961,"Action, Comedy, Crime",8.2,"
Votes:
130,043
| Gross:
$5.72M
",Akira Kurosawa,"Toshirô Mifune, Eijirô Tôno, Tatsuya Nakadai, Yôko Tsukasa","    The rape of a bride and the murder of her samurai husband are recalled from the perspectives of a bandit, the bride, the samurai's ghost and a woodcutter.",
154,Gangs of Wasseypur,2012,"Action, Comedy, Crime",8.2,"
Votes:
137,150
| Gross:
$0.10M
",Anurag Kashyap,"Manoj Bajpayee, Richa Chadha, Nawazuddin Siddiqui, Tigmanshu Dhulia","    In post-war Italy, a working-class man's bicycle is stolen. He and his son set out to find it.",
155,The Treasure of the Sierra Madre,1948,"Adventure, Drama, Western",8.2,"
Votes:
129,780
| Gross:
$0.33M
",John Huston,"Humphrey Bogart, Walter Huston, Tim Holt, Bruce Bennett","    The life, times and afflictions of the fifteenth-century Russian iconographer St. Andrei Rublev.",
156,The Kid,1921,"Comedy, Drama, Family",8.3,"
Votes:
39,617
| Gross:
$0.10M
",Charles Chaplin,"Charles Chaplin, Edna Purviance, Jackie Coogan, Carl Miller",    A crafty ronin comes to a town divided by two criminal gangs and decides to play them against each other to free the town.,
157,Ikiru,1952,Drama,8.3,"
Votes:
99,620
",Akira Kurosawa,"Takashi Shimura, Nobuo Kaneko, Shin'ichi Himori, Haruo Tanaka","    A clash between Sultan and Shahid Khan leads to the expulsion of Khan from Wasseypur, and ignites a deadly blood feud spanning three generations.",
158,A Wednesday,2008,"Crime, Drama, Mystery",8.2,"
Votes:
70,014
",Neeraj Pandey,"Anupam Kher, Naseeruddin Shah, Jimmy Sheirgill, Deepal Shaw","    Fred Dobbs and Bob Curtin, two Americans searching for work in Mexico, convince an old prospector to help them mine for gold in the Sierra Madre Mountains.",
159,Sunrise: A Song of Two Humans,1927,"Drama, Romance",8.1,"
Votes:
104,557
| Gross:
$5.01M
",F.W. Murnau,"George O'Brien, Janet Gaynor, Margaret Livingston, Bodil Rosing","    The Tramp cares for an abandoned child, but events put that relationship in jeopardy.",
160,La passion de Jeanne d'Arc,1928,"Biography, Drama, History",8.2,"
Votes:
99,388
| Gross:
$5.45M
",Carl Theodor Dreyer,"Maria Falconetti, Eugene Silvain, André Berley, Maurice Schutz",    A bureaucrat tries to find a meaning in his life after he discovers he has terminal cancer.,
161,Sholay,1975,"Action, Adventure, Comedy",8.2,"
Votes:
59,437
| Gross:
$0.06M
",Ramesh Sippy,"Sanjeev Kumar, Dharmendra, Amitabh Bachchan, Amjad Khan",    A retiring police officer reminisces about the most astounding day of his career. About a case that was never filed but continues to haunt him in his memories - the case of a man and a Wednesday.,
162,Munna Bhai M.B.B.S.,2003,"Comedy, Drama, Musical",8.2,"
Votes:
68,395
",Rajkumar Hirani,"Sanjay Dutt, Arshad Warsi, Gracy Singh, Sunil Dutt",    An allegorical tale about a man fighting the good and evil within him. Both sides are made flesh - one a sophisticated woman he is attracted to and the other his wife.,
163,Andaz Apna Apna,1994,"Comedy, Family, Romance",8.2,"
Votes:
43,806
",Rajkumar Santoshi,"Aamir Khan, Salman Khan, Raveena Tandon, Karisma Kapoor","    In 1431, Jeanne d'Arc is placed on trial on charges of heresy. The ecclesiastical jurists attempt to force Jeanne to recant her claims of holy visions.",
164,Hera Pheri,2000,"Action, Comedy, Crime",8.2,"
Votes:
41,339
| Gross:
$0.02M
",Priyadarshan,"Akshay Kumar, Paresh Rawal, Sunil Shetty, Tabu","    After his family is murdered by a notorious and ruthless bandit, a former police officer enlists the services of two outlaws to capture the bandit.",
165,Hacksaw Ridge,2016,"Biography, Drama, History",8.1,"
Votes:
46,896
",Mel Gibson,"Andrew Garfield, Sam Worthington, Luke Bracey, Teresa Palmer",    A gangster sets out to fulfill his father's dream of becoming a doctor.,
166,Trainspotting,1996,Drama,8.1,"
Votes:
65,395
",Danny Boyle,"Ewan McGregor, Ewen Bremner, Jonny Lee Miller, Kevin McKidd","    Two slackers competing for the affections of an heiress, inadvertently become her protectors from an evil criminal.",
167,Blade Runner,1982,"Action, Sci-Fi, Thriller",8.1,"
Votes:
45,882
",Ridley Scott,"Harrison Ford, Rutger Hauer, Sean Young, Edward James Olmos","    Three unemployed men find the answer to all their money problems when they receive a call from a kidnapper. However, things do not go as planned.",
168,Room,I 2015,"Drama, Thriller",8.2,"
Votes:
49,058
",Lenny Abrahamson,"Brie Larson, Jacob Tremblay, Sean Bridgers, Wendy Crewson","    World War II American Army Medic Desmond T. Doss, who served during the Battle of Okinawa, refuses to kill people, and becomes the first man in American history to receive the Medal of Honor without firing a shot.",
169,Gone with the Wind,1939,"Drama, History, Romance",8.1,"
Votes:
373,743
| Gross:
$67.21M
","Victor Fleming, George Cukor, Sam Wood","Clark Gable, Vivien Leigh, Thomas Mitchell, Barbara O'Neil","    Renton, deeply immersed in the Edinburgh drug scene, tries to clean up and get out, despite the allure of the drugs and influence of friends.",
170,Heat,1995,"Crime, Drama, Thriller",8.2,"
Votes:
593,959
| Gross:
$16.50M
",Michael Mann,"Al Pacino, Robert De Niro, Val Kilmer, Jon Voight","    A blade runner must pursue and terminate four replicants who stole a ship in space, and have returned to Earth to find their creator.",
171,The Big Lebowski,1998,"Comedy, Crime",8.1,"
Votes:
635,253
| Gross:
$32.87M
","Joel Coen, Ethan Coen","Jeff Bridges, John Goodman, Julianne Moore, Steve Buscemi","    Held captive for 7 years in an enclosed space, a woman and her young son finally gain their freedom, allowing the boy to experience the outside world for the first time.",
172,Warrior,2011,"Drama, Sport",8.2,"
Votes:
322,223
| Gross:
$14.68M
",Gavin O'Connor,"Tom Hardy, Nick Nolte, Joel Edgerton, Jennifer Morrison",    A manipulative woman and a roguish man conduct a turbulent romance during the American Civil War and Reconstruction periods.,
173,Unforgiven,1992,"Drama, Western",8.2,"
Votes:
266,610
| Gross:
$198.68M
",Clint Eastwood,"Clint Eastwood, Gene Hackman, Morgan Freeman, Richard Harris",    A group of professional bank robbers start to feel the heat from police when they unknowingly leave a clue at their latest heist.,
174,Pan's Labyrinth,2006,"Drama, Fantasy, War",8.2,"
Votes:
528,804
| Gross:
$67.44M
",Guillermo del Toro,"Ivana Baquero, Ariadna Gil, Sergi López, Maribel Verdú","    Jeff ""The Dude"" Lebowski, mistaken for a millionaire of the same name, seeks restitution for his ruined rug and enlists his bowling buddies to help get it.",
175,Inside Out,I 2015,"Animation, Adventure, Comedy",8.2,"
Votes:
669,787
| Gross:
$17.50M
","Pete Docter, Ronnie Del Carmen","Amy Poehler, Bill Hader, Lewis Black, Mindy Kaling","    The youngest son of an alcoholic former boxer returns home, where he's trained by his father for competition in a mixed martial arts tournament - a path that puts the fighter on a collision course with his estranged, older brother.",
176,A Beautiful Mind,2001,"Biography, Drama",8.2,"
Votes:
406,759
| Gross:
$13.66M
",Ron Howard,"Russell Crowe, Ed Harris, Jennifer Connelly, Christopher Plummer","    Retired Old West gunslinger William Munny reluctantly takes on one last job, with the help of his old partner and a young man.",
177,The Deer Hunter,1978,"Drama, War",8.1,"
Votes:
345,147
| Gross:
$101.16M
",Michael Cimino,"Robert De Niro, Christopher Walken, John Cazale, John Savage","    In the Falangist Spain of 1944, the bookish young stepdaughter of a sadistic army officer escapes into an eerie but captivating fantasy world.",
178,The Thing,1982,"Horror, Mystery, Sci-Fi",8.1,"
Votes:
577,151
| Gross:
$37.63M
",John Carpenter,"Kurt Russell, Wilford Brimley, Keith David, Richard Masur","    After young Riley is uprooted from her Midwest life and moved to San Francisco, her emotions - Joy, Fear, Anger, Disgust and Sadness - conflict on how best to navigate a new city, house, and school.",
179,"Lock, Stock and Two Smoking Barrels",1998,"Comedy, Crime",8.2,"
Votes:
545,120
| Gross:
$356.46M
",Guy Ritchie,"Jason Flemyng, Dexter Fletcher, Nick Moran, Jason Statham","    After John Nash, a brilliant but asocial mathematician, accepts secret work in cryptography, his life takes a turn for the nightmarish.",
180,Cool Hand Luke,1967,"Crime, Drama",8.1,"
Votes:
778,562
| Gross:
$170.74M
",Stuart Rosenberg,"Paul Newman, George Kennedy, Strother Martin, J.D. Cannon",    An in-depth examination of the ways in which the U.S. Vietnam War impacts and disrupts the lives of people in a small industrial town in Pennsylvania.,
181,Raging Bull,1980,"Biography, Drama, Sport",8.2,"
Votes:
286,835
| Gross:
$48.98M
",Martin Scorsese,"Robert De Niro, Cathy Moriarty, Joe Pesci, Frank Vincent",    A research team in Antarctica is hunted by a shape-shifting alien that assumes the appearance of its victims.,
182,Hauru no ugoku shiro,2004,"Animation, Adventure, Family",8.2,"
Votes:
335,404
| Gross:
$13.78M
",Hayao Miyazaki,"Chieko Baishô, Takuya Kimura, Tatsuya Gashûin, Akihiro Miwa","    A botched card game in London triggers four friends, thugs, weed-growers, hard gangsters, loan sharks and debt collectors to collide with each other in a series of unexpected events, all for the sake of weed, cash and two antique shotguns.",
183,El secreto de sus ojos,2009,"Drama, Mystery, Romance",8.2,"
Votes:
496,997
| Gross:
$3.90M
",Juan José Campanella,"Ricardo Darín, Soledad Villamil, Pablo Rago, Carla Quevedo","    A laid back Southern man is sentenced to two years in a rural prison, but refuses to conform.",
184,Incendies,2010,"Drama, Mystery, War",8.3,"
Votes:
150,146
",Denis Villeneuve,"Lubna Azabal, Mélissa Désormeaux-Poulin, Maxim Gaudette, Mustafa Kamel","    The life of boxer Jake LaMotta, whose violence and temper that lead him to the top in the ring destroyed his life outside of it.",
185,Chinatown,1974,"Drama, Mystery, Thriller",8.2,"
Votes:
291,735
| Gross:
$23.38M
",Roman Polanski,"Jack Nicholson, Faye Dunaway, John Huston, Perry Lopez","    When an unconfident young woman is cursed with an old body by a spiteful witch, her only chance of breaking the spell lies with a self-indulgent yet insecure young wizard and his companions in his legged, walking castle.",
186,The Great Escape,1963,"Adventure, Drama, History",8.2,"
Votes:
286,554
| Gross:
$4.71M
",John Sturges,"Steve McQueen, James Garner, Richard Attenborough, Charles Bronson",    A retired legal counselor writes a novel hoping to find closure for one of his past unresolved homicide cases and for his unreciprocated love with his superior - both of which still haunt him decades later.,
187,Tonari no Totoro,1988,"Animation, Family, Fantasy",8.2,"
Votes:
174,817
| Gross:
$6.39M
",Hayao Miyazaki,"Hitoshi Takagi, Noriko Hidaka, Chika Sakamoto, Shigesato Itoi",    Twins journey to the Middle East to discover their family history and fulfill their mother's last wishes.,
188,Det sjunde inseglet,1957,"Drama, Fantasy",8.2,"
Votes:
126,297
| Gross:
$6.86M
",Ingmar Bergman,"Max von Sydow, Gunnar Björnstrand, Bengt Ekerot, Nils Poppe","    A private detective hired to expose an adulterer finds himself caught up in a web of deceit, corruption, and murder.",
189,On the Waterfront,1954,"Crime, Drama, Thriller",8.2,"
Votes:
268,615
| Gross:
$29.20M
",Elia Kazan,"Marlon Brando, Karl Malden, Lee J. Cobb, Rod Steiger",    Allied prisoners of war plan for several hundred of their number to escape from a German camp during World War II.,
190,The Bridge on the River Kwai,1957,"Adventure, Drama, War",8.1,"
Votes:
206,725
| Gross:
$12.10M
",David Lean,"William Holden, Alec Guinness, Jack Hawkins, Sessue Hayakawa","    When two girls move to the country to be near their ailing mother, they have adventures with the wondrous forest spirits who live nearby.",
191,Ran,1985,"Action, Drama",8.2,"
Votes:
242,291
",Akira Kurosawa,"Tatsuya Nakadai, Akira Terao, Jinpachi Nezu, Daisuke Ryû","    A man seeks answers about life, death, and the existence of God as he plays chess against the Grim Reaper during the Black Plague.",
192,Rebecca,1940,"Drama, Mystery, Romance",8.1,"
Votes:
145,242
",Alfred Hitchcock,"Laurence Olivier, Joan Fontaine, George Sanders, Judith Anderson",    An ex-prize fighter turned longshoreman struggles to stand up to his corrupt union bosses.,
193,Mary and Max,2009,"Animation, Comedy, Drama",8.1,"
Votes:
130,124
| Gross:
$9.60M
",Adam Elliot,"Toni Collette, Philip Seymour Hoffman, Eric Bana, Barry Humphries","    After settling his differences with a Japanese P.O.W. camp commander, a British colonel co-operates to oversee his men's construction of a railway bridge for their captors, while oblivious to a plan by the Allies to destroy it.",
194,Dial M for Murder,1954,"Crime, Thriller",8.2,"
Votes:
187,803
| Gross:
$44.91M
",Alfred Hitchcock,"Ray Milland, Grace Kelly, Robert Cummings, John Williams","    In Medieval Japan, an elderly warlord retires, handing over his empire to his three sons. However, he vastly underestimates how the new-found power will corrupt them and cause them to turn on each other...and him.",
195,Mr. Smith Goes to Washington,1939,"Comedy, Drama",8.1,"
Votes:
100,655
| Gross:
$3.52M
",Frank Capra,"James Stewart, Jean Arthur, Claude Rains, Edward Arnold",    A self-conscious woman juggles adjusting to her new role as an aristocrat's wife and avoiding being intimidated by his first wife's spectral presence.,
196,It Happened One Night,1934,"Comedy, Romance",8.1,"
Votes:
111,932
| Gross:
$4.36M
",Frank Capra,"Clark Gable, Claudette Colbert, Walter Connolly, Roscoe Karns","    A tale of friendship between two unlikely pen pals: Mary, a lonely, eight-year-old girl living in the suburbs of Melbourne, and Max, a forty-four-year old, severely obese man living in New York.",
197,Smultronstället,1957,"Drama, Romance",8.2,"
Votes:
152,295
",Ingmar Bergman,"Victor Sjöström, Bibi Andersson, Ingrid Thulin, Gunnar Björnstrand",    A tennis player frames his unfaithful wife for first-degree murder after she inadvertently hinders his plan to kill her.,
198,Le salaire de la peur,1953,"Adventure, Drama, Thriller",8.1,"
Votes:
142,098
| Gross:
$0.01M
",Henri-Georges Clouzot,"Yves Montand, Charles Vanel, Peter van Eyck, Folco Lulli","    A naive man is appointed to fill a vacancy in the United States Senate. His plans promptly collide with political corruption, but he doesn't back down.",
199,The Gold Rush,1925,"Adventure, Comedy, Drama",8.2,"
Votes:
99,146
| Gross:
$9.60M
",Charles Chaplin,"Charles Chaplin, Mack Swain, Tom Murray, Henry Bergman",    A spoiled heiress running away from her family is helped by a man who is actually a reporter in need of a story.,
200,The General,1926,"Action, Adventure, Comedy",8.1,"
Votes:
85,633
| Gross:
$4.36M
","Clyde Bruckman, Buster Keaton","Buster Keaton, Marion Mack, Glen Cavender, Jim Farley","    After living a life marked by coldness, an aging professor is forced to confront the emptiness of his existence.",
201,Le notti di Cabiria,1957,Drama,8.1,"
Votes:
85,288
",Federico Fellini,"Giulietta Masina, François Périer, Franca Marzi, Dorian Gray","    In a decrepit South American village, four men are hired to transport an urgent nitroglycerine shipment without the equipment that would make it safe.",
202,Guardians of the Galaxy Vol. 2,2017,"Action, Adventure, Comedy",7.6,"
Votes:
48,823
",James Gunn,"Chris Pratt, Zoe Saldana, Dave Bautista, Vin Diesel",    A prospector goes to the Klondike in search of gold and finds it and more.,
203,Star Wars: Episode VII - The Force Awakens,2015,"Action, Adventure, Sci-Fi",8,"
Votes:
90,519
| Gross:
$5.45M
",J.J. Abrams,"Daisy Ridley, John Boyega, Oscar Isaac, Domhnall Gleeson","    When Union spies steal an engineer's beloved locomotive, he pursues it single-handedly and straight through enemy lines.",
204,Mad Max: Fury Road,2015,"Action, Adventure, Sci-Fi",8.1,"
Votes:
72,534
",George Miller,"Tom Hardy, Charlize Theron, Nicholas Hoult, Zoë Kravitz","Movies,                TV                & Showtimes",
205,No Country for Old Men,2007,"Crime, Drama, Thriller",8.1,"
Celebs,            Events            & Photos","Ethan Coen, Joel Coen","Tommy Lee Jones, Javier Bardem, Josh Brolin, Woody Harrelson",News &Community,
206,Gone Girl,2014,"Drama, Mystery, Thriller",8.1,"
 
 ",David Fincher,"Ben Affleck, Rosamund Pike, Neil Patrick Harris, Tyler Perry",Access in-development titles not available on IMDb,
207,Prisoners,2013,"Crime, Drama, Mystery",8.1,Claim your page and control your brand across IMDb & Amazon,Denis Villeneuve,"Hugh Jackman, Jake Gyllenhaal, Viola Davis, Melissa Leo",Top 250 Movies as voted for by IMDb users,
208,What Ever Happened to Baby Jane?,1962,"Drama, Horror, Thriller",8.1,A waifish prostitute wanders the streets of Rome looking for true love but finds only heartbreak.,Robert Aldrich,"Bette Davis, Joan Crawford, Victor Buono, Wesley Addy","39,091",$0.75M
209,Spotlight,I 2015,"Biography, Crime, Drama",8.1,"The Guardians struggle to keep together as a team while dealing with their personal family issues, notably Star-Lord's encounter with his father the ambitious celestial being Ego.",Tom McCarthy,"Mark Ruffalo, Michael Keaton, Rachel McAdams, Liev Schreiber","497,009",$389.81M
210,The Princess Bride,1987,"Adventure, Family, Fantasy",8.1,"Three decades after the Empire's defeat, a new threat arises in the militant First Order. Defected stormtrooper Finn and the scavenger Rey are caught up in the Resistance's search for the missing Luke Skywalker.",Rob Reiner,"Cary Elwes, Mandy Patinkin, Robin Wright, Chris Sarandon","790,879",$936.66M
211,Donnie Darko,2001,"Drama, Sci-Fi, Thriller",8,"In a post-apocalyptic wasteland, a woman rebels against a tyrannical ruler in search for her homeland with the aid of a group of female prisoners, a psychotic worshiper, and a drifter named Max.",Richard Kelly,"Jake Gyllenhaal, Jena Malone, Mary McDonnell, Holmes Osborne","790,324",$154.06M
212,Stand by Me,1986,"Adventure, Drama",8.1,Violence and mayhem ensue after a hunter stumbles upon a drug deal gone wrong and more than two million dollars in cash near the Rio Grande.,Rob Reiner,"Wil Wheaton, River Phoenix, Corey Feldman, Jerry O'Connell","775,229",$74.28M
213,Into the Wild,2007,"Adventure, Biography, Drama",8.1,"With his wife's disappearance having become the focus of an intense media circus, a man sees the spotlight turned on him when it's suspected that he may not be innocent.",Sean Penn,"Emile Hirsch, Vince Vaughn, Catherine Keener, Marcia Gay Harden","771,073",$167.77M
214,The Sixth Sense,1999,"Drama, Mystery, Thriller",8.1,"When Keller Dover's daughter and her friend go missing, he takes matters into his own hands as the police pursue multiple leads and the pressure mounts.",M. Night Shyamalan,"Bruce Willis, Haley Joel Osment, Toni Collette, Olivia Williams","533,252",$61.00M
215,Shutter Island,2010,"Mystery, Thriller",8.1,A former child star torments her paraplegic sister in their decaying Hollywood mansion.,Martin Scorsese,"Leonardo DiCaprio, Emily Mortimer, Mark Ruffalo, Ben Kingsley","45,694",$4.05M
216,The Grand Budapest Hotel,2014,"Adventure, Comedy, Crime",8.1,"The true story of how the Boston Globe uncovered the massive scandal of child molestation and cover-up within the local Catholic Archdiocese, shaking the entire Catholic Church to its core.",Wes Anderson,"Ralph Fiennes, F. Murray Abraham, Mathieu Amalric, Adrien Brody","370,660",$45.06M
217,The Help,2011,Drama,8.1,"While home sick in bed, a young boy's grandfather reads him the story of a farmboy-turned-pirate who encounters numerous obstacles, enemies and allies in his quest to be reunited with his true love.",Tate Taylor,"Emma Stone, Viola Davis, Octavia Spencer, Bryce Dallas Howard","362,957",$30.86M
218,There Will Be Blood,2007,Drama,8.1,"A troubled teenager is plagued by visions of a man in a large rabbit suit who manipulates him to commit a series of crimes, after he narrowly escapes a bizarre accident.",Paul Thomas Anderson,"Daniel Day-Lewis, Paul Dano, Ciarán Hinds, Martin Stringer","703,374",$1.48M
219,Catch Me If You Can,2002,"Biography, Crime, Drama",8.1,"After the death of one of his friends, a writer recounts a boyhood journey with his friends to find the body of a missing boy.",Steven Spielberg,"Leonardo DiCaprio, Tom Hanks, Christopher Walken, Martin Sheen","336,779",$52.29M
220,12 Years a Slave,2013,"Biography, Drama, History",8.1,"After graduating from Emory University, top student and athlete Christopher McCandless abandons his possessions, gives his entire $24,000 savings account to charity and hitchhikes to Alaska to live in the wilderness. Along the way, Christopher encounters a series of characters that shape his life.",Steve McQueen,"Chiwetel Ejiofor, Michael Kenneth Williams, Michael Fassbender, Brad Pitt","528,629",$18.35M
221,The Wizard of Oz,1939,"Adventure, Family, Fantasy",8,A boy who communicates with spirits seeks the help of a disheartened child psychologist.,"Victor Fleming, George Cukor, Mervyn LeRoy, Norman Taurog, Richard Thorpe, King Vidor","Judy Garland, Frank Morgan, Ray Bolger, Bert Lahr","851,971",$293.51M
222,Rush,I 2013,"Action, Biography, Drama",8.1,"In 1954, a U.S. Marshal investigates the disappearance of a murderer, who escaped from a hospital for the criminally insane.",Ron Howard,"Daniel Brühl, Chris Hemsworth, Olivia Wilde, Alexandra Maria Lara","1,018,303",$128.01M
223,The Truman Show,1998,"Comedy, Drama, Sci-Fi",8.1,"The adventures of Gustave H, a legendary concierge at a famous hotel from the fictional Republic of Zubrowka between the first and second World Wars, and Zero Moustafa, the lobby boy who becomes his most trusted friend.",Peter Weir,"Jim Carrey, Ed Harris, Laura Linney, Noah Emmerich","640,522",$59.10M
224,Platoon,1986,"Drama, War",8.1,"An aspiring author during the civil rights movement of the 1960s decides to write a book detailing the African American maids' point of view on the white families for which they work, and the hardships they go through on a daily basis.",Oliver Stone,"Charlie Sheen, Tom Berenger, Willem Dafoe, Keith David","396,117",$169.71M
225,Million Dollar Baby,2004,"Drama, Sport",8.1,"A story of family, religion, hatred, oil and madness, focusing on a turn-of-the-century prospector in the early days of the business.",Clint Eastwood,"Hilary Swank, Clint Eastwood, Morgan Freeman, Jay Baruchel","468,394",$40.22M
226,The Bourne Ultimatum,2007,"Action, Mystery, Thriller",8,"A seasoned FBI agent pursues Frank Abagnale Jr. who, before his 19th birthday, successfully forged millions of dollars' worth of checks while posing as a Pan Am pilot, a doctor, and a legal prosecutor.",Paul Greengrass,"Matt Damon, Edgar Ramírez, Joan Allen, Julia Stiles","730,105",$164.62M
227,Stalker,1979,"Drama, Sci-Fi",8.2,"In the antebellum United States, Solomon Northup, a free black man from upstate New York, is abducted and sold into slavery.",Andrei Tarkovsky,"Alisa Freyndlikh, Aleksandr Kaydanovskiy, Anatoliy Solonitsyn, Nikolay Grinko","583,164",$56.67M
228,Relatos salvajes,2014,"Comedy, Drama, Thriller",8.1,Dorothy Gale is swept away from a farm in Kansas to a magical land of Oz in a tornado and embarks on a quest with her new friends to see the Wizard who can help her return home to Kansas and help her friends as well.,Damián Szifron,"Darío Grandinetti, María Marull, Mónica Villa, Diego Starosta","354,903",$2.08M
229,Hachi: A Dog's Tale,2009,"Drama, Family",8.1,The merciless 1970s rivalry between Formula One rivals James Hunt and Niki Lauda.,Lasse Hallström,"Richard Gere, Joan Allen, Cary-Hiroyuki Tagawa, Sarah Roemer","397,332",$26.95M
230,How to Train Your Dragon,2010,"Animation, Action, Adventure",8.1,An insurance salesman discovers his whole life is actually a reality TV show.,"Dean DeBlois, Chris Sanders","Jay Baruchel, Gerard Butler, Christopher Mintz-Plasse, Craig Ferguson","847,963",$125.62M
231,Annie Hall,1977,"Comedy, Romance",8,A young soldier in Vietnam faces a moral crisis when confronted with the horrors of war and the duality of man.,Woody Allen,"Woody Allen, Diane Keaton, Tony Roberts, Carol Kane","354,586",$138.53M
232,Ben-Hur,1959,"Adventure, Drama, History",8.1,A determined woman works with a hardened boxing trainer to become a professional.,William Wyler,"Charlton Heston, Jack Hawkins, Stephen Boyd, Haya Harareet","591,028",$100.49M
233,Before Sunrise,1995,"Drama, Romance",8.1,Jason Bourne dodges a ruthless C.I.A. official and his Agents from a new assassination program while searching for the origins of his life as a trained killer.,Richard Linklater,"Ethan Hawke, Julie Delpy, Andrea Eckert, Hanno Pöschl","582,044",$227.47M
234,Faa yeung nin wa,2000,"Drama, Romance",8.1,A guide leads two men through an area known as the Zone to find a room that grants wishes.,Kar-Wai Wong,"Tony Chiu-Wai Leung, Maggie Cheung, Ping Lam Siu, Tung Cho 'Joe' Cheung","99,708",$0.23M
235,Hotel Rwanda,2004,"Biography, Drama, History",8.1,Six short stories that explore the extremities of human behavior involving people in distress.,Terry George,"Don Cheadle, Sophie Okonedo, Joaquin Phoenix, Xolani Mali","153,522",$3.11M
236,Butch Cassidy and the Sundance Kid,1969,"Biography, Crime, Drama",8,A college professor bonds with an abandoned dog he takes into his home.,George Roy Hill,"Paul Newman, Robert Redford, Katharine Ross, Strother Martin","226,309",
237,Gandhi,1982,"Biography, Drama, History",8,"A hapless young Viking who aspires to hunt dragons becomes the unlikely friend of a young dragon himself, and learns there may be more to the creatures than he assumed.",Richard Attenborough,"Ben Kingsley, John Gielgud, Rohini Hattangadi, Roshan Seth","617,494",$217.58M
238,Barry Lyndon,1975,"Adventure, Drama, History",8.1,Neurotic New York comedian Alvy Singer falls in love with the ditzy Annie Hall.,Stanley Kubrick,"Ryan O'Neal, Marisa Berenson, Patrick Magee, Hardy Krüger","237,972",$39.20M
239,Salinui chueok,2003,"Action, Crime, Drama",8.1,"When a Jewish prince is betrayed and sent into slavery by a Roman friend, he regains his freedom and comes back for revenge.",Joon-ho Bong,"Kang-ho Song, Sang-kyung Kim, Roe-ha Kim, Jae-ho Song","203,288",$74.70M
240,Life of Brian,1979,Comedy,8.1,"A young man and woman meet on a train in Europe, and wind up spending one evening together in Vienna. Unfortunately, both know that this will probably be their only night together.",Terry Jones,"Graham Chapman, John Cleese, Michael Palin, Terry Gilliam","241,183",$5.54M
241,Mou gaan dou,2002,"Crime, Drama, Mystery",8.1,"Two neighbors, a woman and a man, form a strong bond after both suspect extramarital activities of their spouses. However, they agree to keep their bond platonic so as not to commit similar wrongs.","Andrew Lau Wai-Keung, Alan Mak","Andy Lau, Tony Chiu-Wai Leung, Anthony Chau-Sang Wong, Eric Tsang","107,364",$2.73M
242,La haine,1995,"Crime, Drama",8.1,Paul Rusesabagina was a hotel manager who housed over a thousand Tutsi refugees during their struggle against the Hutu militia in Rwanda.,Mathieu Kassovitz,"Vincent Cassel, Hubert Koundé, Saïd Taghmaoui, Abdel Ahmed Ghili","315,579",$23.53M
243,In the Name of the Father,1993,"Biography, Drama",8.1,"Wyoming, early 1900s. Butch Cassidy and The Sundance Kid are the leaders of a band of outlaws. After a train robbery goes wrong they find themselves on the run with a posse hard on their heels. Their solution - escape to Bolivia.",Jim Sheridan,"Daniel Day-Lewis, Pete Postlethwaite, Alison Crosbie, Philip King","188,984",$102.31M
244,Amores perros,2000,"Drama, Thriller",8.1,"Gandhi's character is fully explained as a man of nonviolence. Through his patience, he is able to drive the British out of the subcontinent. And the stubborn nature of Jinnah and his commitment towards Pakistan is portrayed.",Alejandro G. Iñárritu,"Emilio Echevarría, Gael García Bernal, Goya Toledo, Álvaro Guerrero","208,803",$52.77M
245,Network,1976,Drama,8.1,An Irish rogue wins the heart of a rich widow and assumes her dead husband's aristocratic position in 18th-century England.,Sidney Lumet,"Faye Dunaway, William Holden, Peter Finch, Robert Duvall","134,045",
246,Kaze no tani no Naushika,1984,"Animation, Adventure, Fantasy",8.1,"In a small Korean province in 1986, three detectives struggle with the case of multiple young women being found raped and murdered by an unknown culprit.",Hayao Miyazaki,"Sumi Shimamoto, Mahito Tsujimura, Hisako Kyôda, Gorô Naya","103,288",$0.01M
247,The Maltese Falcon,1941,"Film-Noir, Mystery",8,"Born on the original Christmas in the stable next door to Jesus, Brian of Nazareth spends his life being mistaken for a messiah.",John Huston,"Humphrey Bogart, Mary Astor, Gladys George, Peter Lorre","337,998",$20.05M
248,Persona,1966,"Drama, Thriller",8.1,"A story between a mole in the police department and an undercover cop. Their objectives are the same: to find out who is the mole, and who is the cop.",Ingmar Bergman,"Bibi Andersson, Liv Ullmann, Margaretha Krook, Gunnar Björnstrand","111,465",$0.17M
249,The Grapes of Wrath,1940,"Drama, History",8,24 hours in the lives of three young men in the French suburbs the day after a violent riot.,John Ford,"Henry Fonda, Jane Darwell, John Carradine, Charley Grapewin","133,216",$0.31M
250,Jaws,1975,"Adventure, Drama, Thriller",8,A man's coerced confession to an IRA bombing he did not commit results in the imprisonment of his father as well. An English lawyer fights to free them.,Steven Spielberg,"Roy Scheider, Robert Shaw, Richard Dreyfuss, Lorraine Gary","142,902",$25.01M
